site,observed_days,observed_fraction,quarter_counts,longest_observed_gap,observed_adequate,published_daily_days,observed_min_ft,published_daily_min_ft,instant_sample_min_ft
03328000,316,0.866,74/60/91/91,31,True,0,2.6,,2.6
03330241,365,1.0,92/91/91/91,0,True,0,2.59,,2.59
03330500,363,0.995,92/91/91/89,2,True,0,4.9,,4.9
03331040,327,0.896,79/66/91/91,25,True,0,4.7,,4.7
03331440,365,1.0,92/91/91/91,0,True,0,2.82,,2.82
03331500,365,1.0,92/91/91/91,0,True,0,5.01,,5.01
03331753,365,1.0,92/91/91/91,0,True,0,3.29,,3.29
03332349,365,1.0,92/91/91/91,0,True,0,6.11,,6.11
040869416,356,0.975,92/82/91/91,6,True,0,3.51,,3.51
04087000,359,0.984,91/91/91/86,5,True,0,0.38,,0.38
04087030,365,1.0,92/91/91/91,0,True,0,2.66,,2.66
04087070,353,0.967,80/91/91/91,12,True,0,2.96,,2.96
04087088,365,1.0,92/91/91/91,0,True,0,7.89,,7.89
04087119,340,0.932,92/66/91/91,25,True,0,8.91,,8.91
04087120,362,0.992,92/91/91/88,3,True,0,1.45,,1.45
04087142,351,0.962,78/91/91/91,14,True,0,10.33,,10.33
040871473,122,0.334,0/0/31/91,243,False,0,10.57,,10.57
040871475,122,0.334,0/0/31/91,243,False,0,10.73,,10.73
040871476,122,0.334,0/0/31/91,243,False,0,0.1,,0.1
04087159,365,1.0,92/91/91/91,0,True,0,5.82,,5.82
04087170,365,1.0,92/91/91/91,0,True,0,5.76,,5.76
04087204,363,0.995,90/91/91/91,2,True,0,2.19,,2.19
04087214,365,1.0,92/91/91/91,0,True,0,10.49,,10.49
04087220,365,1.0,92/91/91/91,0,True,0,1.72,,1.72
04087233,365,1.0,92/91/91/91,0,True,0,1.96,,1.96
040872342,365,1.0,92/91/91/91,0,True,0,4.4,,4.4
04087240,358,0.981,92/87/88/91,7,True,0,2.2,,2.2
04087257,0,0.0,0/0/0/0,365,False,0,,,
04087440,0,0.0,0/0/0/0,365,False,0,,,
04092677,0,0.0,0/0/0/0,365,False,0,,,
04092750,0,0.0,0/0/0/0,365,False,0,,,
04092944,0,0.0,0/0/0/0,365,False,0,,,
04092964,0,0.0,0/0/0/0,365,False,0,,,
04092977,0,0.0,0/0/0/0,365,False,0,,,
04093000,0,0.0,0/0/0/0,365,False,0,,,
04093100,0,0.0,0/0/0/0,365,False,0,,,
04093176,0,0.0,0/0/0/0,365,False,0,,,
04093250,365,1.0,92/91/91/91,0,True,0,2.6,,2.6
04093503,355,0.973,92/81/91/91,10,True,0,5.36,,5.36
04094000,365,1.0,92/91/91/91,0,True,0,2.82,,2.82
04094400,365,1.0,92/91/91/91,0,True,0,3.03,,3.03
04095090,365,1.0,92/91/91/91,0,True,0,2.38,,2.38
04095300,365,1.0,92/91/91/91,0,True,0,1.86,,1.86
04095380,365,1.0,92/91/91/91,0,True,0,2.92,,2.92
04096015,361,0.989,88/91/91/91,4,True,0,5.88,,5.88
040970647,359,0.984,86/91/91/91,2,True,0,1.0,,1.0
04097188,365,1.0,92/91/91/91,0,True,0,5.53,,5.53
04097345,365,1.0,92/91/91/91,0,True,0,2.05,,2.05
04097349,362,0.992,89/91/91/91,1,True,0,3.13,,3.13
04097500,363,0.995,92/91/89/91,2,True,0,2.32,,2.32
04097540,362,0.992,92/88/91/91,3,True,0,2.6,,2.6
0409754132,365,1.0,92/91/91/91,0,True,0,1.49,,1.49
04098980,365,1.0,92/91/91/91,0,True,0,4.16,,4.16
04099000,360,0.986,92/91/91/86,5,True,0,1.92,,1.92
04099750,365,1.0,92/91/91/91,0,True,0,2.57,,2.57
04100220,365,1.0,92/91/91/91,0,True,0,5.06,,5.06
04100222,365,1.0,92/91/91/91,0,True,0,2.72,,2.72
04100500,365,1.0,92/91/91/91,0,True,0,1.74,,1.74
04101000,365,1.0,92/91/91/91,0,True,0,17.63,,17.63
04101225,365,1.0,92/91/91/91,0,True,0,-0.83,,-0.83
04101370,365,1.0,92/91/91/91,0,True,0,2.01,,2.01
04101400,362,0.992,92/88/91/91,3,True,0,8.17,,8.17
04101500,365,1.0,92/91/91/91,0,True,0,4.4,,4.4
041015313,365,1.0,92/91/91/91,0,True,0,2.03,,2.03
04101535,365,1.0,92/91/91/91,0,True,0,2.2,,2.2
04101590,365,1.0,92/91/91/91,0,True,0,2.98,,2.98
04101800,365,1.0,92/91/91/91,0,True,0,4.97,,4.97
04102148,365,1.0,92/91/91/91,0,True,0,3.74,,3.74
04102500,365,1.0,92/91/91/91,0,True,0,5.15,,5.15
04102700,365,1.0,92/91/91/91,0,True,0,2.31,,2.31
04106000,365,1.0,92/91/91/91,0,True,0,3.73,,3.73
04106320,365,1.0,92/91/91/91,0,True,0,1.26,,1.26
04106400,351,0.962,92/77/91/91,8,True,0,2.26,,2.26
04106500,364,0.997,92/91/91/90,1,True,0,2.11,,2.11
04107850,363,0.995,90/91/91/91,2,True,0,6.93,,6.93
04108600,365,1.0,92/91/91/91,0,True,0,2.49,,2.49
04108660,357,0.978,92/83/91/91,4,True,0,9.46,,9.46
04108800,365,1.0,92/91/91/91,0,True,0,1.91,,1.91
04108862,365,1.0,92/91/91/91,0,True,0,1.67,,1.67
04118000,337,0.923,92/63/91/91,23,True,0,2.31,,2.31
04118105,365,1.0,92/91/91/91,0,True,0,6.25,,6.25
04118500,354,0.97,92/80/91/91,11,True,0,3.46,,3.46
04118564,365,1.0,92/91/91/91,0,True,0,3.17,,3.17
04119000,354,0.97,92/80/91/91,11,True,0,0.73,,0.73
04119055,365,1.0,92/91/91/91,0,True,0,2.99,,2.99
04119070,365,1.0,92/91/91/91,0,True,0,2.33,,2.33
04119160,363,0.995,92/89/91/91,2,True,0,4.35,,4.35
04119400,365,1.0,92/91/91/91,0,True,0,9.03,,9.03
05426067,365,1.0,92/91/91/91,0,True,0,12.21,,12.21
05426250,365,1.0,92/91/91/91,0,True,0,1.5,,1.5
05431016,334,0.915,90/62/91/91,21,True,0,8.21,,8.21
05431022,359,0.984,86/91/91/91,5,True,0,5.0,,5.0
05438170,365,1.0,92/91/91/91,0,True,0,6.64,,6.64
05438283,365,1.0,92/91/91/91,0,True,0,5.5,,5.5
05515500,365,1.0,92/91/91/91,0,True,0,4.87,,4.87
05516500,365,1.0,92/91/91/91,0,True,0,4.32,,4.32
05516665,365,1.0,92/91/91/91,0,True,0,3.89,,3.89
05517000,365,1.0,92/91/91/91,0,True,0,4.74,,4.74
05517010,365,1.0,92/91/91/91,0,True,0,3.03,,3.03
05517500,365,1.0,92/91/91/91,0,True,0,2.51,,2.51
05517530,365,1.0,92/91/91/91,0,True,0,3.37,,3.37
05518000,353,0.967,92/79/91/91,10,True,0,4.12,,4.12
05520500,365,1.0,92/91/91/91,0,True,0,1.37,,1.37
05520980,365,1.0,92/91/91/91,0,True,0,3.16,,3.16
05522500,365,1.0,92/91/91/91,0,True,0,3.15,,3.15
05526000,339,0.929,90/67/91/91,24,True,0,2.24,,2.24
05527500,365,1.0,92/91/91/91,0,True,0,1.04,,1.04
05527800,322,0.882,49/91/91/91,43,True,0,2.19,,2.19
05527950,351,0.962,89/91/80/91,11,True,0,5.67,,5.67
05528000,365,1.0,92/91/91/91,0,True,0,1.3,,1.3
05528100,365,1.0,92/91/91/91,0,True,0,6.25,,6.25
05528500,357,0.978,92/83/91/91,7,True,0,1.21,,1.21
05529000,0,0.0,0/0/0/0,365,False,0,,,
05529500,0,0.0,0/0/0/0,365,False,0,,,
05530000,0,0.0,0/0/0/0,365,False,0,,,
05530100,0,0.0,0/0/0/0,365,False,0,,,
05530750,0,0.0,0/0/0/0,365,False,0,,,
05530990,0,0.0,0/0/0/0,365,False,0,,,
05531015,0,0.0,0/0/0/0,365,False,0,,,
05531045,365,1.0,92/91/91/91,0,True,0,11.34,,11.34
05531175,365,1.0,92/91/91/91,0,True,0,6.43,,6.43
05531300,364,0.997,92/91/91/90,1,True,0,4.77,,4.77
05531410,365,1.0,92/91/91/91,0,True,0,47.71,,47.71
05531500,365,1.0,92/91/91/91,0,True,0,1.26,,1.26
05532000,365,1.0,92/91/91/91,0,True,0,0.93,,0.93
05532500,365,1.0,92/91/91/91,0,True,0,1.56,,1.56
05532600,365,1.0,92/91/91/91,0,True,0,9.36,,9.36
05533000,365,1.0,92/91/91/91,0,True,0,2.97,,2.97
05533400,365,1.0,92/91/91/91,0,True,0,7.86,,7.86
05533600,365,1.0,92/91/91/91,0,True,0,5.16,,5.16
05534500,352,0.964,92/78/91/91,5,True,0,3.92,,3.92
05535000,353,0.967,92/91/79/91,12,True,0,1.79,,1.79
05535070,365,1.0,92/91/91/91,0,True,0,2.57,,2.57
05535400,351,0.962,89/80/91/91,11,True,0,7.11,,7.11
05535500,363,0.995,92/90/90/91,1,True,0,0.81,,0.81
05536000,365,1.0,92/91/91/91,0,True,0,0.56,,0.56
05536085,350,0.959,77/91/91/91,15,True,0,10.54,,10.54
05536118,365,1.0,92/91/91/91,0,True,0,-3.77,,-3.77
05536121,0,0.0,0/0/0/0,365,False,0,,,
05536123,0,0.0,0/0/0/0,365,False,0,,,
05536137,0,0.0,0/0/0/0,365,False,0,,,
05536140,0,0.0,0/0/0/0,365,False,0,,,
05536160,352,0.964,90/80/91/91,10,True,0,5.7,,5.7
05536162,364,0.997,92/91/91/90,1,True,0,7.59,,7.59
05536165,342,0.937,90/70/91/91,21,True,0,7.77,,7.77
05536179,365,1.0,92/91/91/91,0,True,0,1.92,,1.92
05536190,340,0.932,92/66/91/91,11,True,0,0.55,,0.55
05536191,354,0.97,91/83/91/89,8,True,0,9.67,,9.67
05536195,343,0.94,91/70/91/91,21,True,0,4.99,,4.99
05536215,365,1.0,92/91/91/91,0,True,0,2.34,,2.34
05536235,356,0.975,92/82/91/91,9,True,0,2.99,,2.99
05536255,365,1.0,92/91/91/91,0,True,0,3.83,,3.83
05536265,354,0.97,92/80/91/91,11,True,0,3.49,,3.49
05536275,365,1.0,92/91/91/91,0,True,0,2.53,,2.53
05536290,365,1.0,92/91/91/91,0,True,0,4.96,,4.96
05536310,365,1.0,92/91/91/91,0,True,0,2.08,,2.08
05536340,319,0.874,48/89/91/91,35,True,0,1.42,,1.42
05536343,365,1.0,92/91/91/91,0,True,0,5.01,,5.01
05536356,365,1.0,92/91/91/91,0,True,0,4.62,,4.62
05536500,365,1.0,92/91/91/91,0,True,0,2.37,,2.37
05536580,365,1.0,92/91/91/91,0,True,0,25.25,,25.25
05536890,0,0.0,0/0/0/0,365,False,0,,,
05536900,0,0.0,0/0/0/0,365,False,0,,,
05537500,0,0.0,0/0/0/0,365,False,0,,,
05537980,362,0.992,89/91/91/91,3,True,0,538.07,,538.07
05539000,341,0.934,91/68/91/91,23,True,0,10.72,,10.72
05539900,351,0.962,92/91/91/77,11,True,0,3.45,,3.45
05540060,365,1.0,92/91/91/91,0,True,0,3.71,,3.71
05540095,356,0.975,91/83/91/91,8,True,0,7.3,,7.3
05540130,359,0.984,92/85/91/91,6,True,0,3.9,,3.9
05540160,365,1.0,92/91/91/91,0,True,0,11.55,,11.55
05540195,360,0.986,92/91/91/86,5,True,0,3.84,,3.84
05540228,365,1.0,92/91/91/91,0,True,0,5.17,,5.17
05540250,365,1.0,92/91/91/91,0,True,0,14.4,,14.4
05540275,365,1.0,92/91/91/91,0,True,0,2.53,,2.53
05540290,365,1.0,92/91/91/91,0,True,0,6.59,,6.59
05540500,363,0.995,92/91/89/91,2,True,0,9.78,,9.78
05541710,365,1.0,92/91/91/91,0,True,0,2.34,,2.34
05542000,320,0.877,74/64/91/91,24,True,0,0.8,,0.8
05542500,365,1.0,92/91/91/91,0,True,0,3.99,,3.99
05543010,365,1.0,92/91/91/91,0,True,0,19.29,,19.29
05543830,365,1.0,92/91/91/91,0,True,0,2.67,,2.67
05544200,365,1.0,92/91/91/91,0,True,0,1.91,,1.91
05544348,364,0.997,92/91/91/90,1,True,0,1.34,,1.34
05544385,365,1.0,92/91/91/91,0,True,0,7.81,,7.81
05544475,365,1.0,92/91/91/91,0,True,0,3.26,,3.26
05545000,125,0.342,0/0/37/88,237,False,0,11.48,,11.48
05545750,365,1.0,92/91/91/91,0,True,0,5.13,,5.13
05547000,313,0.858,67/64/91/91,20,True,0,2.47,,2.47
05547500,365,1.0,92/91/91/91,0,True,0,2.39,,2.39
05548000,365,1.0,92/91/91/91,0,True,0,2.38,,2.38
05548105,365,1.0,92/91/91/91,0,True,0,4.58,,4.58
05548185,351,0.962,83/86/91/91,3,True,0,793.34,,793.34
05548280,344,0.942,81/81/91/91,11,True,0,3.51,,3.51
05548500,0,0.0,0/0/0/0,365,False,0,,,
05549000,0,0.0,0/0/0/0,365,False,0,,,
05549500,0,0.0,0/0/0/0,365,False,0,,,
05549501,0,0.0,0/0/0/0,365,False,0,,,
05550000,0,0.0,0/0/0/0,365,False,0,,,
05550001,0,0.0,0/0/0/0,365,False,0,,,
05550300,0,0.0,0/0/0/0,365,False,0,,,
05550500,0,0.0,0/0/0/0,365,False,0,,,
05551000,365,1.0,92/91/91/91,0,True,0,12.09,,12.09
05551001,365,1.0,92/91/91/91,0,True,0,5.95,,5.95
05551200,338,0.926,88/68/91/91,23,True,0,1.35,,1.35
05551330,365,1.0,92/91/91/91,0,True,0,1.86,,1.86
05551540,365,1.0,92/91/91/91,0,True,0,10.97,,10.97
05551545,363,0.995,90/91/91/91,1,True,0,7.27,,7.27
05551580,365,1.0,92/91/91/91,0,True,0,12.37,,12.37
05551581,364,0.997,91/91/91/91,1,True,0,6.4,,6.4
05551582,365,1.0,92/91/91/91,0,True,0,8.09,,8.09
05551675,365,1.0,92/91/91/91,0,True,0,3.22,,3.22
05551700,365,1.0,92/91/91/91,0,True,0,2.63,,2.63
412320088154101,365,1.0,92/91/91/91,0,True,0,504.25,,504.25
412355086421001,311,0.852,51/78/91/91,33,True,0,0.0,,0.0
413028087303601,122,0.334,0/0/32/90,242,False,0,2.04,,2.04
413339087223001,365,1.0,92/91/91/91,0,True,0,4.13,,4.13
413340087285001,123,0.337,0/0/32/91,242,False,0,0.67,,0.67
423000088164401,296,0.811,39/91/77/89,40,True,0,793.43,,793.43
423525088260400,349,0.956,77/91/90/91,8,True,0,1.64,,1.64
424848088083100,365,1.0,92/91/91/91,0,True,0,4.07,,4.07
425957088005201,71,0.195,0/0/0/71,293,False,0,-0.0,,-0.0
